x,y,class
1.452126542005163,0.8132188374064016,0.0
0.16792437671970264,0.3422521625184195,0.0
0.586941188799472,0.39530553017050957,0.0
1.4711583828669577,0.6211999694179912,0.0
1.250167502066007,1.2953452654992494,0.0
0.2966857364700295,1.972231285579302,0.0
0.09571956642302544,0.1049014643830797,0.0
1.1363188635643964,0.5544660409550517,0.0
1.017660512133766,0.6054394301866152,0.0
-0.0015279777724208892,0.19016248617982678,0.0
-0.005823049614157961,0.5502503680046344,0.0
-0.01980304841589498,1.069329262252247,0.0
0.0998036100104187,0.3070697296199226,0.0
0.6821024548123051,1.3628444859551538,0.0
0.0015013632212412073,0.7525170517153463,0.0
0.06327312911964907,0.04319769814410884,0.0
0.5898708204007428,1.6933742166996415,0.0
1.2628617563643751,0.8257924277950063,0.0
-0.29744969514597747,0.9807854802644053,0.0
0.04208474827542573,1.4502477065282549,0.0
-0.679569037733919,1.1834985196162646,0.0
0.9945656113025111,1.540662418595551,0.0
0.03606746921138065,0.5118632425697549,0.0
-0.1219495734386496,0.32042961662766467,0.0
0.001600552242912462,0.002634830962347286,0.0
0.8414800009437939,0.8351561673139588,0.0
0.08471785730423059,0.1044306642087361,0.0
-0.5947787881276425,1.0831900184573,0.0
-0.007193552786265984,0.09325374774384937,0.0
-0.05037835646370473,0.15373532609150398,0.0
0.22657508495095943,0.6399921640171405,0.0
0.40911629902531027,0.7415216217883928,0.0
0.010955308166982695,0.01925134248747825,0.0
-0.43894938244895937,1.2427657023280574,0.0
0.05904764029625416,0.07872299625751006,0.0
-0.08879170666378797,0.16094036890044722,0.0
0.4776884748689202,0.13148195584110042,0.0
0.8328424016396812,1.3738376085035158,0.0
-0.16563488874223936,0.7957832373848877,0.0
0.22640322224887427,0.48113358026672814,0.0
0.0034265794027480818,0.3577698686077236,0.0
0.02635429064308942,1.6734849075665932,0.0
-0.14590992298776423,1.8523347350584236,0.0
0.28219921383334134,0.33103473524958227,0.0
0.7550996811418883,1.0955739547126064,0.0
0.4836302004577338,1.6754346362983366,0.0
1.3884140780713543,1.1751846205980865,0.0
-0.6173966800201034,1.6414145286799227,0.0
1.3577751132721858,0.7093547289473723,0.0
0.4041204975119613,1.083138383420352,0.0
-0.31817505342691366,1.3405712448464846,0.0
1.1617431126419382,0.5341410758619999,0.0
-0.6349241685472866,1.1765767268386347,0.0
0.0640391472667958,1.9332558850498158,0.0
0.10030610787667325,0.7220615111914106,0.0
0.1462276737827894,1.0285788372251765,0.0
0.19581637969156587,0.2855228277762665,0.0
0.34303179203153733,1.4395658752788953,0.0
-0.12957164478725455,0.31311431399260103,0.0
1.2621965938564543,0.7930139953703705,0.0
-0.04659081945703293,0.40239205362467656,0.0
0.4081500290554238,0.677042280424226,0.0
0.3567850958441082,1.2500673522348749,0.0
1.0896011987226497,1.1934128812661342,0.0
0.2835752221070069,1.7547707482877528,0.0
0.02199747734115524,0.1799824855543743,0.0
0.27009626206160914,1.6910805694110782,0.0
0.11480105043346311,0.06506710894287464,0.0
0.1226187037265484,0.2664014815102331,0.0
0.2889261468031968,0.29566717816442994,0.0
0.33662078786329624,1.9334709098396736,0.0
0.9626230858829429,0.6635299815681723,0.0
0.29856202704229623,0.7287986718093307,0.0
0.7953406727839233,1.7673978817153728,0.0
-0.012842199533056733,0.14365083832099523,0.0
0.0960535261984147,0.0467518625761089,0.0
0.23760730363747112,0.49651646584119563,0.0
1.0886709609527967,1.228080892113887,0.0
-0.2658266799009891,0.6858413260957887,0.0
1.0654935605512625,1.46749109150187,0.0
-0.07987327030738724,0.31275217704987124,0.0
0.010975307502178074,1.4592592651390124,0.0
0.19661653035562915,0.5189129161634578,0.0
1.2166503901145933,0.5609584419459434,0.0
-0.47370060044161916,0.9140429737491582,0.0
0.963242874729577,1.1181088958741603,0.0
0.6967674045029363,1.447623832975786,0.0
0.1961341702381154,1.8449392136391876,0.0
0.3038985843068527,0.12978369624957445,0.0
0.15319043383053665,0.16183183470205967,0.0
0.12237995866584396,0.3384438073687013,0.0
-0.11097627269268182,0.6000775311888793,0.0
-0.2396870760198724,1.323917074183199,0.0
0.4825091317251351,0.9756991640180747,0.0
-0.029869217099133493,0.15608319374617075,0.0
0.5663312697534397,0.9082278096482965,0.0
1.1451989600534416,0.3472616933569999,0.0
0.7858471815260871,0.40150738970011013,0.0
0.653729399829331,0.6264045764153856,0.0
-0.124035412355682,0.23853224553859192,0.0
-0.31508687052176626,0.5709766296145444,0.0
0.2974854550469075,0.21390003100925575,0.0
-0.4096751480578924,1.8446153803418213,0.0
0.19101337822050274,0.8162048087065243,0.0
0.40896482213269625,1.3129623169209164,0.0
0.22240330446532916,1.1387700844306434,0.0
0.3250605203588053,0.20604205611081788,0.0
0.01422432313750818,0.15667183215202796,0.0
0.10017615979121591,1.2920591927942962,0.0
-0.1747673737833806,0.3589375798923863,0.0
0.24486267374775558,1.7785779312932535,0.0
0.5740479287667295,0.4610525496360862,0.0
0.5230180271415701,1.5057506122545399,0.0
-0.08913732229930366,0.5039066000304832,0.0
-0.45174970596406083,1.2361199942422072,0.0
0.012826424447242009,1.021832886210706,0.0
0.20711333308243005,0.0654780203977341,0.0
0.2016874757386492,0.5000499256956138,0.0
0.053091923518126714,0.2515624114711136,0.0
1.2274201139180598,1.1158013923920354,0.0
-0.5062773091111508,1.7012321885719401,0.0
0.5574684909990647,1.81207584995043,0.0
-0.47523938800179916,1.300084597160503,0.0
-0.12571806703132016,0.3068238328406697,0.0
1.3435738908602717,0.6411430171498805,0.0
0.2783720632199159,1.8960239295582224,0.0
0.05862442555175829,1.1635583035034847,0.0
1.7730561170580887,0.5011086425457675,0.0
1.260350788593956,0.8975078261091287,0.0
0.28614343409484516,0.40542933826436345,0.0
0.03801333511546228,0.042656938070105475,0.0
0.5232728813628337,0.807040489646917,0.0
0.11706203916410512,1.1463286262559638,0.0
0.7201702960015366,0.7699190928462873,0.0
0.0441176058755345,0.32092841776360126,0.0
0.13191177654268096,1.2966523485118155,0.0
1.0592431398822397,0.6670659073587281,0.0
0.646758709523605,0.38187013165837996,0.0
0.053764824783461056,0.6619032566423857,0.0
-0.2082411546741945,1.9456397778622743,0.0
0.8217733229883374,1.291711906933418,0.0
-0.0038254295489927757,0.0075315194833350755,0.0
-0.5607102252807455,1.1290288782470783,0.0
1.8422545531235341,0.719619145522084,0.0
0.27058903869500534,1.5538326446954318,0.0
0.43704304972065816,0.8038556546958878,0.0
0.23431045664515418,0.2084182949341815,0.0
-0.07110684014842561,0.14816683152467777,0.0
0.11511308816676274,0.7195290554007984,0.0
0.9430739495121984,1.6960088394967463,0.0
0.34338140789176397,0.2130740588984867,0.0
0.8422827325391756,0.4274643854328885,0.0
1.329980375935053,1.4098492151597766,0.0
0.7661418792725498,1.180374056991095,0.0
0.6685764046138553,0.19662442452924794,0.0
0.07753041115006255,0.34706456934707264,0.0
0.15320840448501188,0.3990360595234375,0.0
-0.2807961057390557,0.5889124979527353,0.0
0.833168714420874,1.1096389643310003,0.0
-0.6917973027585455,1.1996531670115085,0.0
-0.16708459380763566,0.4315835019475584,0.0
1.0061940065991617,1.0767994608516598,0.0
0.204196902873236,0.09582488939635925,0.0
1.3822435077189306,0.839778845806702,0.0
0.3270313436937613,0.49591216298113444,0.0
-0.04692619084088191,0.4946350698952315,0.0
0.6596930263543684,1.6625495753778157,0.0
1.5411239683254605,1.0149795761235394,0.0
0.010455799979187247,0.2683453916818402,0.0
0.0686870352873626,0.9117404257477016,0.0
-0.894223869276667,1.5715578168887228,0.0
1.0837949630353514,0.6121400293286278,0.0
0.41225943718701674,1.9518506189702414,0.0
0.5066813398371994,0.8590049247935021,0.0
0.7847444165621503,0.4840132641660583,0.0
0.060258747911495776,0.6071292106286987,0.0
0.6793598024750857,0.25705996928018404,0.0
0.4286636925645474,0.3174936737861797,0.0
0.9447844983452379,0.29367962359667465,0.0
0.03924967829637064,0.1779128312944328,0.0
0.11771965004570034,0.25052796460744914,0.0
0.3811549112524012,0.27502601279120387,0.0
0.7247132940458234,0.3702075593492885,0.0
-0.7435814690079314,1.5536843555592648,0.0
0.03681540739830478,0.02463269033425123,0.0
0.19289198416786432,0.23072521646637273,0.0
0.06707819918185261,0.09904002080990333,0.0
-0.265809789791288,1.4690341874373702,0.0
-0.14975450270088497,0.7019824942924334,0.0
0.3901649331844303,0.21106218749423947,0.0
-0.0636664376328484,0.8966936844415293,0.0
1.1021617207463092,0.8929527553318376,0.0
0.5395441212770293,0.7662034530373225,0.0
1.6746153976665843,0.9358978676097599,0.0
0.06861393761063804,0.026264573875896167,0.0
0.5071884381761509,1.5198004252101804,0.0
0.08370365984430007,0.12466492963024428,0.0
-0.29730157226023857,0.5349558049322113,0.0
-0.48197882229841577,1.0406703968242623,0.0
0.0737289366541873,0.10212450296442012,0.0
-0.07196744043951026,0.2720843309886124,0.0
0.6101608922045797,0.8153691148676069,0.0
-0.06825849290077687,0.19958389861921513,0.0
0.08480353457392735,0.19663987679109587,0.0
0.2801608480006384,1.1730037561011217,0.0
-0.009248661381765725,0.5532110162796138,0.0
0.1975037685759138,1.34033173000157,0.0
-0.2933227986163613,0.6383904516893635,0.0
0.3116598718726001,0.09849430990527244,0.0
0.9465681740330617,0.447182209133105,0.0
-0.1679369224007402,1.7999921212550298,0.0
-0.02079779450073331,0.21852556337732915,0.0
0.7442338960205217,1.4395401765136997,0.0
0.959979280860885,0.6255283795064306,0.0
1.111857063354703,0.7728023080569565,0.0
0.30256302753640935,0.2746413963080351,0.0
0.5185673507989544,1.2423964292529257,0.0
-0.48313096121365645,1.055742799585592,0.0
-0.029459138595482576,0.49288783478716425,0.0
1.3421645818774046,1.4137490234518773,0.0
0.0010531586835081184,0.0015293337024420383,0.0
0.7249979406936996,0.6406177027053533,0.0
-0.24563849305978291,0.46538250466287945,0.0
0.11421415041462961,0.35206134245687476,0.0
-0.18744629276740832,0.7826062955758198,0.0
0.08067074477694866,1.3821795042908407,0.0
0.04306540189371836,0.4843573193463635,0.0
0.10115419663449585,0.380867051344547,0.0
-0.3906685800796461,0.7669064277761247,0.0
1.0411866353868307,0.8449847732929952,0.0
0.6178443893739424,0.6204900449097801,0.0
-0.4204966343976259,0.8812252903843003,0.0
0.2657782850960108,0.9554675712824735,0.0
0.08191620852797823,0.04923119319043287,0.0
0.8760351897905402,1.699152374961129,0.0
0.4754537262767387,0.3705444372897886,0.0
0.42999078671624913,0.7002220787132627,0.0
0.44268958426803195,0.4641075081606611,0.0
-0.007333202692748562,0.10819963576065067,0.0
0.33232828458516783,0.803754431585056,0.0
0.26858471642160525,1.0872016916699443,0.0
1.7719700147044575,0.5982368845048321,0.0
-0.4998413050491327,0.9278585983243742,0.0
0.16798579799245494,0.7076615662057649,0.0
0.09919890070465083,0.47655712459475336,0.0
0.25692277954262854,0.3513255565552426,0.0
-0.7523279432195006,1.5152766266580366,0.0
0.12781851264862754,0.30249794071426894,0.0
0.12042745674041062,0.05866592221622401,0.0
0.0061500023891405175,0.5365884045743344,0.0
0.728706830896574,0.7346139759027702,0.0
-0.5679568451350111,1.3061279599537943,0.0
0.1302069868201947,1.5151257007402157,0.0
0.74194993742305,0.7246337789124502,0.0
0.6968446572293054,1.0912880608986713,0.0
-0.16526243779957678,0.7011323114541831,0.0
0.6909821411945247,0.3105222092973798,0.0
-0.23402881535442974,0.4850885918224776,0.0
1.0714220693614278,0.6020794598174992,0.0
0.02785316238517832,0.7022311997780272,0.0
0.848459113094181,0.6546597407660292,0.0
0.4007964824756115,1.1383867145643036,0.0
0.7468297627416299,1.746565182197374,0.0
-0.7467189517158052,1.6467729670839466,0.0
-0.42834966992139745,1.612596463401485,0.0
0.4080527775152709,0.6769920537700072,0.0
1.0130703530109986,1.0570720820138506,0.0
0.2144515504250002,0.08431333396766771,0.0
1.2092376316876832,0.4537134644560462,0.0
-0.6637763659427537,1.6303018478004305,0.0
-0.018481511638728396,0.7320706737105497,0.0
-0.09443218639381284,1.1208941698144064,0.0
-0.03894141368102891,0.0998424537531141,0.0
0.42222358084871753,0.25829069897998364,0.0
-0.22325416035281492,0.41966878940288677,0.0
0.6389422099875356,1.6097587309785464,0.0
0.03757027632263679,0.014347647941837407,0.0
-0.18403441887562097,0.7840310203478648,0.0
0.040379854057092136,0.45726916812184654,0.0
0.570112731063323,1.145984892207871,0.0
-0.7941520149401015,1.7242496915806735,0.0
0.8547116616784324,0.4359151868999182,0.0
0.6363466871038973,0.6233042817450085,0.0
0.5176999762459008,1.585015212495691,0.0
-0.33902594107019807,0.7281567062989888,0.0
0.18140265109244172,0.2458239725556124,0.0
0.5820342992093781,0.16142840797443817,0.0
-0.15464973575634383,0.5643898842867725,0.0
-0.01369381674979296,0.21226142219493024,0.0
0.10874869919410192,0.32167083390270135,0.0
0.016750420663266503,0.4600128090140299,0.0
0.24692733694448402,0.13681335189761032,0.0
0.1164250664503984,0.21348088392093922,0.0
0.23290559251997411,0.4348319519992712,0.0
0.3853918357219526,1.3094157760767997,0.0
0.8799293058820562,1.3964318030210991,0.0
0.010917897818573946,0.10470738390103236,0.0
0.42744999610420714,1.3670574252225243,0.0
1.5632810292537644,1.0161585248534073,0.0
0.08759819111007587,0.7480982049135133,0.0
-0.5896590551162914,-0.31015697001172093,1.0
-1.2685909644779616,-1.4416018865931948,1.0
-0.35839003141997877,-0.040675605280206494,1.0
-0.6310728598738562,0.09028210612005926,1.0
-1.47593441834343,-0.05248551403424137,1.0
-0.9799793635635824,-0.6715632605951457,1.0
-1.3598594968005178,0.924577797612466,1.0
-0.8175300940620281,-0.5943655922420977,1.0
-1.5547421143312914,0.42922136465171684,1.0
-0.1159343594817709,-0.0027686688040460465,1.0
-0.34236434048021547,0.1121632558492208,1.0
-1.1489379907625001,-1.2730962903608267,1.0
-0.7753797544819958,-0.6613807577496477,1.0
-1.0457021969895264,-0.8408030325620364,1.0
-0.13886931584413553,-0.21651365207880346,1.0
-0.9623859462830768,0.7907064670363911,1.0
-0.42594593758682786,0.24470461442873487,1.0
-0.007203379827033007,-0.00545147765015918,1.0
-0.601276921724733,-0.3744294821065503,1.0
-0.6937368266378673,-0.9294950594229751,1.0
-0.15283422440225378,0.14646814207892922,1.0
-1.2097213453868954,-0.06890114841178833,1.0
-1.2367682040767296,0.7830881424477134,1.0
-0.9404905355770632,-0.35402051099201476,1.0
-1.04247538752803,0.2710191556426293,1.0
-0.6719469082040771,-0.015615393822032194,1.0
-1.9160399058867235,-0.5416720529456545,1.0
-1.746017013033861,0.9070312307562001,1.0
-1.5872227502612726,0.21458984310471158,1.0
-1.6471919055708462,-1.1166483038419244,1.0
-1.6833483019750557,-0.42418589705807114,1.0
-0.09437836163279202,-0.03022683003410354,1.0
-1.048010001380581,0.48592942767348984,1.0
-0.11773418642665487,-0.05091069331057563,1.0
-0.9586604813400438,0.11593574188344939,1.0
-0.5072843787689986,-0.7229557698168736,1.0
-0.3323214775706604,-0.13373157513946676,1.0
-0.12312431074886035,-0.02077283083524412,1.0
-1.2710662151903938,0.35190495812215583,1.0
-1.2796205192632681,-1.2436102279874983,1.0
-1.5990377670989642,0.5678409017241894,1.0
-0.3591010712866501,-0.4310029132948665,1.0
-0.3586595404281386,-0.08549828092737378,1.0
-1.6081826650824957,0.23031614926476,1.0
-0.15872959259146563,-0.2003797547958874,1.0
-1.366054018073527,-0.7537544522518613,1.0
-0.457361814126211,-0.3053011415456383,1.0
-0.34989810222611395,-0.2792361464410623,1.0
-0.4933994223844626,0.13910070947905945,1.0
-1.2267565605197481,1.1801546295146852,1.0
-0.28537136024531223,0.1460024938655485,1.0
-1.2006274120637144,0.6158686306722332,1.0
-0.25748329452611046,-0.1954321971377813,1.0
-0.202302713978521,-0.29538735425687496,1.0
-0.700874078690457,-0.8881978987519864,1.0
-0.3225839051395711,-0.07138510733259176,1.0
-0.23492659406301997,0.15237470499549163,1.0
-1.3937636782997027,1.0918468554024814,1.0
-1.853286688865743,-0.46275972091814227,1.0
-1.7230752497702129,0.7741570840281303,1.0
-1.6752140080243314,0.46798127829278713,1.0
-0.08808527525554154,-0.06654782941530496,1.0
-0.5572053105271758,0.2698471418840264,1.0
-1.2627663662719841,-0.9221384158137007,1.0
-1.2783659105834368,-0.23613112508444492,1.0
-1.4194482787641425,-0.6077612070976375,1.0
-0.3820018098519707,-0.48990973189606857,1.0
-1.9612103025760161,-0.33697137054772563,1.0
-0.2941293262107532,-0.1222361139208253,1.0
-1.7165136177913674,-0.19973520850409915,1.0
-0.43042316604292385,-0.49240349907695,1.0
-1.4623401813212633,0.9624676329421878,1.0
-1.0007998262194606,0.021883500836826535,1.0
-1.8781903110989695,-0.08664480723283118,1.0
-0.09159523935012143,-0.1492076910204195,1.0
-0.3238273700399961,-0.3279896049112682,1.0
-0.6859856243716905,-0.3008555732612968,1.0
-0.7367124657224325,-0.45444761167162195,1.0
-0.9225478927163493,-0.308805450732441,1.0
-0.0580682140774373,0.04950510183620528,1.0
-1.28256599391159,-1.1593486669095738,1.0
-0.53115118945919,-0.7978586131201159,1.0
-1.195287314564841,-0.3029466531901952,1.0
-0.6018627823319745,-0.2357543992125702,1.0
-1.1582795511075694,-0.6773634297372692,1.0
-1.1408225013082194,-0.2517716613708251,1.0
-0.5812910121775327,0.24494222781674632,1.0
-1.2153361392668616,0.9391585266501187,1.0
-1.5983440173788312,0.1452285148894945,1.0
-0.30610541816823433,-0.08728855436561686,1.0
-1.3062566837868845,-1.3866686706853193,1.0
-1.3722634004749472,-1.064453817652806,1.0
-1.0949582750623066,-0.7852400076383621,1.0
-0.2783191629267489,-0.3520305655689472,1.0
-0.16798078775376443,-0.12624169846219238,1.0
-1.576664466117703,-0.35742504711235457,1.0
-1.23653921572163,-0.5010952605607772,1.0
-1.8866428172131338,0.4071450295949221,1.0
-1.0700117013276658,-1.5778801703722605,1.0
-1.483846462444267,-1.1747173719190074,1.0
-0.2624564573506569,0.10036401670100592,1.0
-0.9922262834340401,-1.6478188934644546,1.0
-0.5691817619432046,-0.11520529946589944,1.0
-0.1869117470032366,-0.01076133699526079,1.0
-0.37455870773811734,-0.17463182740154048,1.0
-0.9833787373348686,0.30564666125804146,1.0
-1.6601402554828442,0.27649434862330735,1.0
-0.9409095355646426,-1.1514468514279215,1.0
-1.0743684752975846,-1.1162160197949869,1.0
-1.4958173514449635,0.3161557011923342,1.0
-0.6629790163534814,0.07564831115146248,1.0
-1.9233175602627612,0.40655806294704633,1.0
-1.4129474420040045,-0.43971311871163876,1.0
-1.7688802880925554,-0.5262953842537701,1.0
-1.8473015823110104,-0.23534149677181396,1.0
-0.0265456347917818,-0.0011065577551744943,1.0
-0.9988691221768204,0.19287068795411783,1.0
-0.21951611814250138,0.21714079152455326,1.0
-0.9406478409461854,0.8100659321715094,1.0
-0.1514694947737233,-0.039057914460190586,1.0
-0.07664704633546901,-0.11819659500255544,1.0
-1.3202665464427696,0.6256433588112255,1.0
-0.06448275446606434,-0.02579749220669417,1.0
-0.6297259357074751,0.019713122942657618,1.0
-0.9366051889520051,-0.4040274978653364,1.0
-0.3904779458168569,-0.4112230494442777,1.0
-1.1611574467849484,-0.004504160515312849,1.0
-1.0239563225411568,-0.49348097551592796,1.0
-0.1257497198578664,0.08271211855222703,1.0
-1.5608026289123684,-1.0820175576782054,1.0
-1.5833925328945264,0.7903443017657532,1.0
-1.3507154199558864,1.2515556699762431,1.0
-0.6046142515693365,-0.6735266686142349,1.0
-1.3437511008027703,-0.9318975093471342,1.0
-0.7843119757955931,-0.9788958328541487,1.0
-0.39594394263883637,0.14840149995088803,1.0
-0.7416682491341198,-0.1955839564866068,1.0
-0.5073396661064902,-0.5452260142766668,1.0
-1.6591335634151088,-0.3104302874177621,1.0
-0.6343524110295233,-0.5474972119581349,1.0
-1.0349590794813883,0.38175828229807546,1.0
-1.2788806587229,0.42536261910282697,1.0
-0.8881806299467357,-1.013379453320962,1.0
-1.581863043228169,-0.9794043390319176,1.0
-0.42088069700727654,-0.08978307884457658,1.0
-1.4318620406236766,-0.33257695409089816,1.0
-1.3994827242474939,1.1084889344539128,1.0
-1.2214939771439461,-1.311335968079036,1.0
-0.3477170051764519,-0.0747240464026735,1.0
-1.460544971761587,0.6427062330404649,1.0
-1.0360551388094454,-1.161015074296826,1.0
-0.8901032681122047,0.298556171352602,1.0
-1.8556754313291204,0.6042950522590438,1.0
-0.2502882894135915,-0.24630149205023516,1.0
-0.6352353691713197,0.04720825797299151,1.0
-0.30234573225777317,-0.27417743732382505,1.0
-0.0928857670815466,-0.00428616014183819,1.0
-0.19020449585979077,0.0663730336322412,1.0
-0.8907480130601713,0.41779476538147464,1.0
-1.3961603045374198,-1.2035719695136335,1.0
-0.8877600790310688,-0.3840208304159195,1.0
-1.1311956532726684,-1.3883104281590808,1.0
-1.764022621315011,-0.1376194053009866,1.0
-0.1450584754574956,0.12988265846064118,1.0
-0.09575723284633031,-0.09377213541744975,1.0
-0.7946669909188413,-0.7216349864647764,1.0
-1.4173968135037163,-1.144622552751623,1.0
-0.7059085924551807,0.5842754237376337,1.0
-0.22005207016877282,0.16576611911246855,1.0
-0.37751525746159953,-0.08522531374138961,1.0
-0.457783027449641,-0.010406814615630984,1.0
-1.0756020199341696,0.927300970698991,1.0
-0.7607905325218074,-0.17955770692162598,1.0
-1.3511577972889623,0.40406904553785905,1.0
-0.40179032526513775,-0.2572580749802445,1.0
-1.406747655787681,1.300943912198143,1.0
-1.7744133706929717,0.045870541989882656,1.0
-1.3066963258292887,-0.16661326254255718,1.0
-0.9186249861200269,-0.41131654873975376,1.0
-0.4762371889388258,0.012652880488821665,1.0
-1.1548409605818635,-0.958398613812636,1.0
-1.4742517271433615,-0.057079979915483525,1.0
-0.8370583796104655,-1.0007858180809257,1.0
-0.6404116221614184,0.5648020655597218,1.0
-1.5094652695062292,-0.9326218158790249,1.0
-1.341911506326269,1.2230386264071944,1.0
-0.6366111946697903,0.5424569959619467,1.0
-0.8610995332559731,0.11802910522086145,1.0
-1.017370612904498,-1.679706146281982,1.0
-0.28478027775883846,-0.3471889159600671,1.0
-1.491010467157357,0.33150479201814564,1.0
-0.4905792311108467,-0.8271982737348366,1.0
-1.6622831301486372,-0.25809241745205014,1.0
-0.022157824295503194,-0.034502963167264554,1.0
-0.8942406281243565,-1.1271512343497836,1.0
-1.2914865849506008,0.29463190488447244,1.0
-0.8830278281721774,-0.538075667998731,1.0
-1.9716661382017042,-0.17126963907501844,1.0
-0.20555088116420547,-0.21953080204871225,1.0
-1.894374832560693,-0.39965176368606037,1.0
-0.3437309729092659,0.0017261991119540312,1.0
-1.661256561242726,-0.42741325336015357,1.0
-1.303254152988012,0.16567223907012818,1.0
-1.3751742464590133,0.6428326906536591,1.0
-0.8035020214134075,0.61381330819698,1.0
-1.2062978437877427,0.38994531970615115,1.0
-1.3641818276142235,0.7973176850922918,1.0
-0.46122209815536847,0.2061792429369415,1.0
-0.8169244704787404,-0.7691198889535086,1.0
-0.10426722333479842,-0.11359008572290454,1.0
-0.5555826048972115,-0.48398834204238333,1.0
-0.057988001800503876,-0.07672380373732443,1.0
-0.8491291449827005,-0.2628930030218738,1.0
-1.6597542847838798,1.0563471967813773,1.0
-0.308401811406384,0.22336663140899682,1.0
-0.9226518843992828,0.23928234854862263,1.0
-0.47855901375734045,-0.11696822264078448,1.0
-1.1444466870401853,-0.2191009704231495,1.0
-0.9558850384569191,-1.6221068890180501,1.0
-1.136803513826999,0.13799450444921238,1.0
-0.7145561113397586,-0.6200064122113459,1.0
-0.18416186471792997,0.12121081769822224,1.0
-1.2986873272019732,0.6166154646508191,1.0
-1.469795212316237,-0.40278992133584124,1.0
-0.7035948498465053,-0.5661319064051326,1.0
-0.4313711698428022,-0.553923217957496,1.0
-0.35267170292459493,0.298758959457774,1.0
-0.2796000780789663,-0.37074542149075373,1.0
-1.291629353336912,0.5743445102993132,1.0
-0.1126080856246494,0.01686719248656288,1.0
-0.43501943010620286,0.38146578641674084,1.0
-1.2929192876014934,0.13571266962768308,1.0
-0.7990232926536176,-0.13166417572361896,1.0
-1.9318444505877888,0.2577895046861752,1.0
-0.18121612917008031,0.1481189239552902,1.0
-1.5201804660276446,-0.4034104570504632,1.0
-1.361879573938963,-0.3472808953057971,1.0
-1.5881823363406231,0.5492332076907861,1.0
-1.2272883196898745,-1.3727462563676534,1.0
-0.0009927221597366728,0.00041511265555491816,1.0
-0.7035045107008221,0.11544987497691646,1.0
-0.09437596942488911,0.06507086115276883,1.0
-1.4183819942246587,1.0335589036315145,1.0
-1.7431915241679379,-0.2518005717363083,1.0
-1.4479896995854187,-0.34010302718687196,1.0
-0.7160449904123932,-0.14477846803854869,1.0
-0.8852580872547541,0.08049461899769707,1.0
-1.3317925894755918,1.306171232768789,1.0
-0.4979403399568098,-0.6055278484382686,1.0
-0.9587861167098171,0.5896431899695166,1.0
-0.6809673192280943,-0.32246674314321955,1.0
-0.4807781334448753,0.14600268835097308,1.0
-0.7942161173598408,0.13879850316449022,1.0
-0.43430890282192663,0.0854223912720737,1.0
-0.4053405885913766,-0.5865135713262798,1.0
-1.2067547508860068,-1.2014581912954243,1.0
-0.10171958347289696,0.017373376766061342,1.0
-1.3399008859260508,-0.9025211952579927,1.0
-1.1980489450824927,-0.6650198317593434,1.0
-0.3659070647889947,0.2335249878720947,1.0
-1.28365273274056,1.0065310582499638,1.0
-0.18270325428189998,0.006776047381659534,1.0
-0.839126168435545,-0.9681959915465403,1.0
-0.12178397312545453,-0.0009634041747044231,1.0
-0.5552185581473396,0.507010155894425,1.0
-1.2882198027703464,-0.3300840751292496,1.0
-1.0814182086697781,-1.1903628773988115,1.0
-0.2802861190010888,-0.046328535076958666,1.0
-0.9199764567722288,0.06979007768373632,1.0
-0.3385779994094515,-0.4934509272749012,1.0
-1.0983491428512455,0.5148399214791674,1.0
-0.4814484413835154,-0.677634564353578,1.0
-1.4360625674529217,-0.5337342091361975,1.0
-0.08077969537855374,0.0523412008437396,1.0
-1.2878367820259708,-0.4463207192994173,1.0
-0.7029530974886208,-0.1965776560458515,1.0
-1.037330267874517,-0.12361922225961558,1.0
-0.9275560974961816,-1.3438724268194435,1.0
-1.472974715775741,0.4854987502735644,1.0
-0.35282416582839504,0.2709220989580736,1.0
-1.112923482599913,-1.3157286580311842,1.0
-0.13359070155190006,-0.05204157532445665,1.0
-1.4293660467767042,0.128790117574465,1.0
-0.8016432307308342,0.3715005386881501,1.0
-0.6068514294622778,0.14960044657368154,1.0
-0.15790933341687433,-0.2622998657457401,1.0
-1.1314278518225216,-0.17902187587146903,1.0
-0.019927192902931677,-0.027591464701290917,1.0
-0.9241049763194572,-0.11269667871072155,1.0
-0.13183078659512315,0.07352254169546613,1.0
-0.23690254448719505,-0.35255024695683124,1.0
-0.7467725068279735,-0.18838497068825752,1.0
-1.658143764283856,0.7635741028737865,1.0
-0.5287898228348278,-0.6700715404008301,1.0
-0.2881354622249953,-0.4468655656126185,1.0
-1.1882941148424213,0.7979729685846824,1.0
-0.6729859122551374,-0.04724524468041712,1.0
-0.6017785638492219,-0.13149489081552435,1.0
-1.4624042173084326,-0.7811848682354182,1.0
-0.7153908545934177,0.3069051290678209,1.0
1.5251283265467797,-0.48834526858797894,2.0
0.8534031612811372,-1.0999409762401555,2.0
0.5332047333672743,-0.610171829217949,2.0
1.2962297223717705,-0.28918516164929925,2.0
0.006819567477445973,-0.014740531335615417,2.0
0.19830187415374878,-0.06498293325797189,2.0
0.19186266130761503,-0.948185888667735,2.0
0.037642608725172555,-0.008788432292176766,2.0
0.8286230384571027,-1.3316263710306788,2.0
0.5192330723476873,-1.2922352110558128,2.0
0.009776192502320933,-0.3399074173171658,2.0
1.7389501501413505,-0.8963206461756562,2.0
1.0891770837504007,-1.283580101917863,2.0
0.1312742052312396,-1.1428632899553306,2.0
0.1398267215111854,-0.6699143711791193,2.0
0.3753953541423237,-1.3690977993745193,2.0
-0.29709661688453537,-1.1892277236975242,2.0
0.8050625446465908,-1.6789205028034535,2.0
-0.0044448838112871114,-0.22334694237342875,2.0
0.11087925213292509,-1.363588867052292,2.0
1.6149580209439127,-0.2625070231767518,2.0
1.3294189764498003,-0.7114695772213613,2.0
1.3256072020107195,-0.7657149215283245,2.0
0.27550077214744045,-0.399899803027673,2.0
0.44988759887859936,-0.7416417231609328,2.0
0.11127303348717449,-0.07767900669024151,2.0
-0.15596104692648918,-0.9722463952650681,2.0
0.29233162937826357,-0.04400243234676105,2.0
0.5802717399941025,-0.3922207302751247,2.0
0.018015606165473298,-0.12357860840366701,2.0
0.021801220616231725,-0.014337919679894513,2.0
0.1731782791862246,-0.15399178775768874,2.0
1.774992075039969,-0.6676254026922097,2.0
0.031944484983939744,-0.9673535481035431,2.0
0.7676612404439084,-0.9025302979311893,2.0
0.3277730989274468,-0.17526027465042765,2.0
0.5238922903178896,-0.44800887335014,2.0
1.0485822172965618,-0.2158225569089803,2.0
0.33169096660625885,-0.3681320833198254,2.0
0.3807290279560295,-0.6880626263261993,2.0
0.48110262669734444,-0.7263040810645718,2.0
-0.005367535319368099,-0.09697281364328579,2.0
0.02019780108056671,-0.0044937545885887255,2.0
0.6980449282253549,-0.6251069606941138,2.0
1.2072193741435426,-0.31606218994683516,2.0
0.30049709550881876,-1.9334789041259197,2.0
0.966987732139268,-0.9784356140499111,2.0
1.6825196678830467,-0.6801184280056712,2.0
-0.0547174463791411,-0.5972262136794202,2.0
0.21771769193593718,-1.435044986653047,2.0
0.20589394987240722,-1.4385313841674094,2.0
0.15893377580215357,-0.1741119436672496,2.0
0.16435999169378138,-0.11740875248750286,2.0
0.4073006325273722,-1.1436537181205741,2.0
1.286848555622951,-0.5935773898261667,2.0
1.332755876756905,-0.3763804023968909,2.0
0.07129065954948628,-0.04206876653152843,2.0
0.6356612151939529,-1.039537404063912,2.0
0.5045227463298452,-0.7146914102341033,2.0
0.46931057222012296,-0.7217640180001366,2.0
-0.05099281923463504,-0.3240615277194202,2.0
1.6620689245702744,-1.0672413805220766,2.0
0.056291828783611726,-0.030017012644212325,2.0
1.3325320342715243,-0.49750724917589606,2.0
0.7631789588866521,-0.14103181362356104,2.0
1.077681066757785,-0.10990146246656038,2.0
0.7401047174995623,-0.7675306770388709,2.0
0.637326285934592,-0.8153913920692099,2.0
-0.10654173293300516,-0.8291642195279924,2.0
0.03000162217410557,-0.10427447889767258,2.0
0.12743006073297414,-0.9384625159535116,2.0
0.18282594474932748,-0.08128473495701136,2.0
1.2952698952488952,-0.23473860333663493,2.0
0.016222427487690042,-0.008064456657473781,2.0
0.15912116135993576,-0.19879988766661832,2.0
-0.25127216213404346,-1.6246276293531288,2.0
-0.21311956149903794,-0.9172953557009927,2.0
0.043960868839878785,-0.1798593515496113,2.0
0.2186741181460334,-0.18123111426247876,2.0
0.17827087995134555,-0.33562673642095836,2.0
0.17123064095971124,-0.02500428903205993,2.0
0.18899602929990314,-0.7369167034785783,2.0
1.5627204920112732,-0.9257474662694206,2.0
0.6084084142889234,-0.5486289885879878,2.0
1.2332532784175598,-1.0672061755413407,2.0
0.575508693821893,-0.2094959680801065,2.0
1.632023056704657,-0.8462451545147163,2.0
1.3474930384866217,-1.3086327594261333,2.0
1.263002769197642,-1.2484810326116984,2.0
0.23828127529146462,-0.33080707339277693,2.0
0.8833878681427936,-0.7921373999160178,2.0
0.43837389010879124,-0.879526051928498,2.0
1.731231238459197,-0.8384947743520347,2.0
0.03585758459744171,-0.0351566687110533,2.0
0.8454088059501252,-0.10731595172549381,2.0
0.6426992820385904,-1.2817813195922514,2.0
0.10228240991960089,-0.07041180627826965,2.0
0.1215047862959155,-0.06549575806188089,2.0
0.3042524137212812,-1.804021044140483,2.0
0.7894676712824896,-0.6204726920033671,2.0
0.26405921946055155,-0.2551266829747851,2.0
1.0865182759292884,-0.8749488062117229,2.0
1.2343491760599392,-1.3371943687392651,2.0
1.4843332848632445,-0.772326777995055,2.0
-0.021077086026706555,-0.3083357014108923,2.0
0.035050060568762434,-0.12273611058595688,2.0
0.5190356549609644,-0.16765364839609448,2.0
0.19212343951552557,-0.06680947033242937,2.0
0.4468403253646083,-0.8039635626693855,2.0
0.020913512421763182,-0.02431409997443889,2.0
0.40177133849568575,-1.0439859982695558,2.0
0.9773511144307759,-0.8070269631112851,2.0
1.6652237948116049,-0.22905089165893952,2.0
0.5444968271685421,-1.3721652965961975,2.0
1.5677710005850254,-0.7904776837108287,2.0
0.33470659548743115,-0.08756797819115093,2.0
1.0713193535651728,-0.47799836610895774,2.0
0.1396511067477846,-0.6720277902906284,2.0
0.9243853804656281,-1.2415974870817383,2.0
0.1378694370402427,-0.6390295289342381,2.0
-0.18014291279475259,-1.3580792597904767,2.0
0.023835360249821573,-0.05414476780390524,2.0
0.2593584974773326,-1.0990062047706515,2.0
0.5146012129758278,-0.14506497762530204,2.0
0.019342678520326485,-0.029985927718197643,2.0
-0.04039198852214306,-0.609765359763961,2.0
0.46324046331264174,-0.2659130623917013,2.0
0.6872049629808759,-0.7889698676733484,2.0
1.6232766214967786,-0.8488676374578372,2.0
0.23166936542648767,-1.0559656164643858,2.0
0.30177291195539513,-1.446498611650927,2.0
0.2916522924495722,-1.9671370110672406,2.0
-0.22884330804644512,-1.9817413003576512,2.0
0.016441779663758076,-0.4174416161963078,2.0
1.6160247553626697,-0.6687716863482809,2.0
-0.04804937067683763,-0.2615989576380302,2.0
0.05497463017354263,-0.0956991743965099,2.0
0.14180651200564304,-0.3850586365849673,2.0
0.9445647954473531,-1.166799150741837,2.0
0.7883222643951275,-0.9495054910767954,2.0
0.22610117404375063,-1.5452107769981223,2.0
1.8737344264584248,-0.07040732984413668,2.0
0.5229189192431859,-0.9065966681901394,2.0
1.084516745496269,-1.0105375641313155,2.0
0.6538175836836726,-0.8852538544744069,2.0
0.059379053240359414,-0.7652740520358626,2.0
-0.19038713006350338,-1.8772550434634565,2.0
0.12031965889459666,-0.3228724251363226,2.0
0.41581192499442665,-0.06911187079786053,2.0
0.5100749108288917,-0.45615089236311196,2.0
0.7540756689818736,-0.5568599759001734,2.0
1.1577857300060408,-0.07712801725501663,2.0
-0.13179858558497828,-0.9061577119858101,2.0
0.3718792114570605,-1.2376630709910397,2.0
0.7993939644561923,-0.13523483998029684,2.0
1.3933364197115017,-1.3316780780537156,2.0
1.3621563966526458,-0.9446654438814757,2.0
0.6934393119723863,-1.1678437345711392,2.0
0.8539463686044738,-0.8253090767489976,2.0
0.7354028682189792,-1.4687512434590884,2.0
0.4749336031385548,-0.03127871873697295,2.0
0.7134253812087423,-0.5203254689765128,2.0
0.5239529970457713,-0.7914776229337828,2.0
0.2854194424663988,-1.7080177086857211,2.0
1.4225809833709215,-1.1128976282085643,2.0
0.3219316560505391,-0.026649006943979626,2.0
1.6568032330861384,-0.22921452908477594,2.0
0.33080532633402815,-0.4953069195134709,2.0
0.580691115952154,-0.8852785953875556,2.0
-0.08186151390858479,-0.6958929054215104,2.0
0.05864161266871624,-0.16747592566644753,2.0
0.015974484342516814,-0.23025179544793048,2.0
0.11213670193172033,-0.6707941490613011,2.0
1.343748966816717,-0.7611202333092534,2.0
-0.38023678049381515,-1.5138692702516336,2.0
0.13124154990964534,-1.4991501915609897,2.0
0.9832492248881245,-1.5410792943001819,2.0
0.3253586292572223,-0.5185377854493375,2.0
0.0062602348357077234,-0.03544930988644382,2.0
-0.2642067068138424,-1.1597274752941134,2.0
1.5478497114612007,-1.0166708772337103,2.0
0.020924235207680723,-0.08685555095294023,2.0
0.021676763822642726,-0.014766377127844533,2.0
1.3913467398486832,-0.21136940025898598,2.0
1.8558625941800309,-0.27978131296873915,2.0
0.4169376271150026,-0.3516503233376456,2.0
1.3874870594402937,-0.32171643039114883,2.0
1.1834606928584712,-0.14008489838003388,2.0
0.5766523162077041,-0.507547961082991,2.0
0.7386414786161826,-0.7306200399836604,2.0
0.4252791847537133,-1.8327079820679701,2.0
0.39424466738464037,-0.8580617420610381,2.0
-0.18373987837396122,-0.8407068175503275,2.0
0.32883821488194726,-0.0568640334972104,2.0
1.2450410089699375,-0.6395911909659766,2.0
1.1523285778930927,-1.5782253090646956,2.0
0.2761426959668375,-0.004418634602462716,2.0
0.7957246673452165,-1.0401740406780853,2.0
0.18894364704505626,-0.7631031764232205,2.0
1.0255184133304371,-1.4069092377961716,2.0
0.6160830336319825,-0.640900063283127,2.0
1.5786003416974195,-0.5653292354830979,2.0
0.6767760013192151,-0.8458412750703116,2.0
-0.08571657000754537,-1.0429260631123385,2.0
0.11276783661612232,-0.5842334156227184,2.0
0.15351726038358432,-0.25881727575145025,2.0
0.5343494839242817,-0.7283880336626302,2.0
1.0801999642456528,-1.0148892018307265,2.0
1.2637288581561783,-0.4864657356901685,2.0
-0.09283424500378566,-0.6405396938574246,2.0
0.10099568386293388,-0.7082368249970608,2.0
0.3436259537428377,-0.32608287881201453,2.0
0.024354472361275394,-0.07635087712918141,2.0
-0.2590585441037721,-1.5961698549992263,2.0
0.8860983287726083,-0.10606822606898629,2.0
0.927402769519158,-0.5691852522732411,2.0
0.19251606227190057,-0.5056971368950607,2.0
0.49462601387787575,-0.16923030531954564,2.0
0.6140374633952396,-1.731195395924595,2.0
0.45793864673615053,-0.9777379442486799,2.0
0.7843900441672245,-0.8171777225191069,2.0
0.1690136737975614,-0.15632123191599775,2.0
1.0835632940741702,-0.783735442560085,2.0
0.6347339711291026,-1.1989240279801372,2.0
0.2655548932016373,-0.2010577551505872,2.0
1.4995427487503685,-0.13811604120021317,2.0
1.0202543770129842,-1.183545894369282,2.0
0.5874928073826665,-1.126740666113426,2.0
-0.4706550568358541,-1.8333112264503688,2.0
0.2615613224138962,-1.137116407972897,2.0
0.0395352659964112,-0.11992808735406567,2.0
0.8170024368799081,-1.5881558225624803,2.0
0.36914527940939973,-0.6964539780617699,2.0
1.127356383686991,-0.5497871952326151,2.0
1.0882152080074439,-0.7665109549162304,2.0
0.34647626382928426,-0.5321693132332359,2.0
0.5242943461348925,-1.7517173716419352,2.0
0.6831159554517151,-0.2967015307530708,2.0
1.197931880530593,-0.5386157988023244,2.0
0.4205051366159961,-0.13376799107174786,2.0
-0.0001206822254285413,-1.1684752295410539,2.0
0.0817282819959498,-0.25609660455192246,2.0
0.8336454478409987,-0.030777403065383707,2.0
0.16286368352724076,-0.6459150733536649,2.0
-0.4997658327340066,-1.9363277676322945,2.0
0.1251714887709449,-0.030217316244885543,2.0
1.0149407709256884,-0.0035633948287114086,2.0
0.4283929365198317,-0.2649309103878432,2.0
0.8401341452123049,-0.8471653768952573,2.0
0.1317907772077176,-1.8962228983629608,2.0
0.06948031858025938,-0.4682552594046345,2.0
-0.0876050954772068,-0.49953285094084543,2.0
0.028044197464172492,-0.5991314067046362,2.0
0.9359672762134311,-0.2319551815304789,2.0
0.11987657581178267,-0.9441527335326997,2.0
0.7056422300295964,-0.05737667656213641,2.0
1.5126534668594478,-0.9042548907121811,2.0
0.23741596895794886,-0.5997366232400819,2.0
1.2250964126161032,-1.384774761825755,2.0
0.6694820025263946,-1.166137213134957,2.0
0.8435557169312725,-1.7681539641067903,2.0
0.09595765772835194,-1.2755348288961135,2.0
1.5540951885003502,-0.323787218062748,2.0
0.07977174889666987,-1.1284825204104125,2.0
1.2795822791176457,-0.4905294858524798,2.0
0.26038618883153497,-1.5878240066637335,2.0
0.18966305677124035,-0.02029182945329264,2.0
0.9932715301373124,-0.5883746557763246,2.0
0.8463708320625086,-0.6946947953205592,2.0
0.18902320330570827,-0.9662724286719739,2.0
0.5697526446544624,-0.8081847868990328,2.0
-0.04561868521721766,-0.35753037919838754,2.0
1.6176780554193568,-1.1374042042396264,2.0
0.17820342598337305,-0.6361182452125012,2.0
-0.09845510329336359,-0.5130550558430672,2.0
0.0590201668451016,-0.6162544974296058,2.0
0.07050760123176104,-1.866540923626063,2.0
0.352206731633278,-0.7905685207138132,2.0
0.044684553475776934,-0.16088516419792742,2.0
0.5855491168040106,-1.5327380533221766,2.0
1.1162182682994917,-0.932233284044681,2.0
0.22223292577242118,-1.3125864949105446,2.0
0.1513704148159137,-1.414636131941546,2.0
1.2105095467762481,-0.08631728988029776,2.0
0.5232075235112809,-0.791468330341242,2.0
0.15800543108369033,-0.29225832120450684,2.0
1.1916255436595178,-1.406308280200582,2.0
-0.036908010824137194,-0.5011293953940709,2.0
1.5734573057554784,-0.013223592441581094,2.0
0.3335364674934397,-0.018747233045356217,2.0
-0.07446549669516604,-1.9945650453174082,2.0
-0.16976064258015697,-0.9782411320107905,2.0
0.1374809765767604,-0.12280519774879785,2.0
0.8933234596732811,-0.050018202929324095,2.0
0.17012540920682948,-0.11062660460410226,2.0
0.7839030219762857,-0.4074376331665737,2.0
0.10689348705252963,-0.2437051756771177,2.0
-0.05703791883651798,-0.4420346413851537,2.0
-0.33960746690738414,-1.6033410662609775,2.0
1.4793058641305674,-1.2438126763491724,2.0
